{
    "$schema": "https://schema.management.azure.com/schemas/2015-01-01/deploymentParameters.json#",
    "contentVersion": "1.0.0.0",
    "parameters": {
        "vulnerabilityAssessments_Default_storageContainerPath": {
            "value": null
        },
        "sites_Zoo_Catalog_name": {
            "value": null
        },
        "servers_zoo_data_server_name": {
            "value": null
        },
        "components_Zoo_Catalog_name": {
            "value": null
        },
        "serverfarms_ASP_ZooCatalogRG_892a_name": {
            "value": null
        },
        "actionGroups_Application_Insights_Smart_Detection_name": {
            "value": null
        },
        "smartdetectoralertrules_failure_anomalies___zoo_catalog_name": {
            "value": null
        },
        "workspaces_DefaultWorkspace_2368d90e_ce98_46f4_875b_a482dd68f2aa_WEU_externalid": {
            "value": null
        }
    }
}